"dateName","locdate"
"1월1일",2019-01-01
"설날",2019-02-04
"설날",2019-02-05
"설날",2019-02-06
"삼일절",2019-03-01
"어린이날",2019-05-05
"대체공휴일",2019-05-06
"부처님오신날",2019-05-12
"현충일",2019-06-06
"광복절",2019-08-15
"추석",2019-09-12
"추석",2019-09-13
"추석",2019-09-14
"개천절",2019-10-03
"한글날",2019-10-09
"기독탄신일",2019-12-25
"1월1일",2020-01-01
"설날",2020-01-24
"설날",2020-01-25
"설날",2020-01-26
"설날",2020-01-27
"삼일절",2020-03-01
"제21대 국회의원선거",2020-04-15
"부처님오신날",2020-04-30
"어린이날",2020-05-05
"현충일",2020-06-06
"광복절",2020-08-15
"임시공휴일",2020-08-17
"추석",2020-09-30
"추석",2020-10-01
"추석",2020-10-02
"개천절",2020-10-03
"한글날",2020-10-09
"기독탄신일",2020-12-25
"제헌절",2019-07-17
